Name;Type;Platform;Title;Modified;Open;Archive 1;Archive 2;Version;Link;
CSTISLDSDE;Job;Unix;__Cost__;2013-4-18 PM8:36:52;;;;1;1009643
CSTISLDSIL;Job;Unix;MASTER_SIL_RETAILBASECOSTFACT  __Cost__Base Fact Load;2013-4-18 PM8:36:52;;;;1;1009644
CSTISLPLP;Job;Unix;PLP_RETAILBASECOSTCORPORATEORGITDYAGGREGATE__Cost__Positional Aggregation Decompressed;2013-4-18 PM8:36:52;;;;1;1009645
CURRPLANSIL;Job;Unix;SIL_RETAILCURRENTPLANNINGFACT  __Planning__Base Fact Load;2013-4-18 PM8:36:52;;;;1;1009646
DOMIANMEMLKUPSDE;Job;Unix;__Domain Lookup  __;2013-4-18 PM8:36:52;;;;1;1009647
DOMIANMEMLKUPSIL.KSH;Job;Unix;domianmemlkupsil.ksh;2013-4-18 PM8:36:52;;;;1;1009657
EMPLYSDE;Job;Unix;SDE_RETAILEMPLOYEEDIMENSION  __Employee__Dimension Extract;2013-4-18 PM8:36:52;;;;1;1009648
EMPLYSIL;Job;Unix;SIL_EMPLOYEEDIMENSION  __Employee__Dimension Load;2013-4-18 PM8:36:52;;;;1;1009649
ETLREFRESHGENPLP;Job;Unix;PLP_RETAILETLREFRESHGENERAL  __ _ __ETL Maintenance;2013-4-18 PM8:36:52;;;;1;1009650
ETLREFRESHGENSDE;Job;Unix;SDE_RETAILETLREFRESHGENERAL  __ ___ETL Maintenance;2013-4-18 PM8:36:52;;;;1;1009651
EXCHGRATEGENSDE;Job;Unix;__Exchange Rate  __;2013-4-18 PM8:36:52;;;;1;1009652
EXCHRATESIL;Job;Unix;SIL_EXCHANGERATEGENERAL  __Exchange Rate  __Dimension Load;2013-4-18 PM8:36:54;;;;1;1009796
FACTCLOSEPLP;Job;Unix;MASTER_PLP_RETAILFACTOPENFACT__ ___Fact Maintenance;2013-4-18 PM8:36:52;;;;1;1009653
FACTOPENPLP;Job;Unix;Fact Maintenance;2013-4-18 PM8:36:52;;;;1;1009654
GREGCALDAYSIL;Job;Unix;SIL_DAYDIMENSION__  Calendar__Dimension Load;2013-4-18 PM8:36:52;;;;1;1009655
GREGCALMTHSIL;Job;Unix;SIL MONTHDIMENSION  Calendar Dimension Load;2013-4-18 PM8:36:52;;;;1;1009656
GREGCALQTRSIL;Job;Unix;SIL QUARTERDIMENSION   Calendar Dimension Load;2013-4-18 PM8:36:50;;;;1;1009485
GREGCALWEEKSIL;Job;Unix;SIL WEEKDIMENSION   Calendar Dimension Load;2013-4-18 PM8:36:52;;;;1;1009685
GREGCALYEARSIL;Job;Unix;SIL YEARDIMENSION   Calendar Dimension Load;2013-4-18 PM8:36:50;;;;1;1009486
INVICURRCSWPLP;Job;Unix;__Inventory Position  __;2013-4-18 PM8:36:50;;;;1;1009487
INVICURSDPLP;Job;Unix;__Inventory Position __;2013-4-18 PM8:36:52;;;;1;1009663
INVICURSWPLP;Job;Unix;__Inventory Position  __;2013-4-18 PM8:36:50;;;;1;1009488
INVIDPLP;Job;Unix;__Inventory Position  __;2013-4-18 PM8:36:50;;;;1;1009489
INVILCDPLP;Job;Unix;__Inventory Position  __;2013-4-18 PM8:36:50;;;;1;1009490
INVILCWPLP;Job;Unix;__Inventory Position  __;2013-4-18 PM8:36:50;;;;1;1009491
INVILDDPLP;Job;Unix;__Inventory Position __;2013-4-18 PM8:36:50;;;;1;1009492
INVILDSDE;Job;Unix;MASTER_SDE_RETAILINVPOSITIONTRANSACTIONFACT__Inventory Position  __Base Fact Extract;2013-4-18 PM8:36:50;;;;1;1009493
INVILDSIL;Job;Unix;MASTER_SIL_RETAILINVPOSITIONFACT  __Inventory Position  __Base Fact Load Compressed;2013-4-18 PM8:36:50;;;;1;1009494
INVILDWPLP;Job;Unix;__Inventory Position  __;2013-4-18 PM8:36:50;;;;1;1009495
INVILSDPLP;Job;Unix;__Inventory Position __;2013-4-18 PM8:36:52;;;;1;1009672
INVILSWPLP;Job;Unix;__Inventory Position  __;2013-4-18 PM8:36:50;;;;1;1009496
INVILWPLP;Job;Unix;MASTER_PLP_RETAILINVPOSITIONITLCWKAGGREGATE__Inventory Position  __Positional Aggregation;2013-4-18 PM8:36:50;;;;1;1009497
INVIWPLP;Job;Unix;__Inventory Position  __;2013-4-18 PM8:36:50;;;;1;1009498
INVPRDATTRSIL;Job;Unix;SIL_INVENTORYPRODUCTDIMENSION  __  Inventory Product  __Dimension Load;2013-4-18 PM8:36:50;;;;1;1009499
INVSDPLP;Job;Unix;__Inventory Position  __;2013-4-18 PM8:36:50;;;;1;1009500
INVSWPLP;Job;Unix;__Inventory Position  __;2013-4-18 PM8:36:52;;;;1;1009664
IVIDRCPSNPLP;Job;Unix;PLP_RETAILINVRECEIPTSSEASONAGGREGATE  __Inventory Receipts  __Aggregation;2013-4-18 PM8:36:50;;;;1;1009501
IVILDRCPSNPLP;Job;Unix;__Inventory Receipts  __;2013-4-18 PM8:36:50;;;;1;1009502
IVILWRCPSNPLP;Job;Unix;__Inventory Receipts  __;2013-4-18 PM8:36:50;;;;1;1009503
IVIWRCPSNPLP;Job;Unix;__Inventory Receipts  __;2013-4-18 PM8:36:50;;;;1;1009504
IVRCPCLDPLP;Job;Unix;__Inventory Receipts  __;2013-4-18 PM8:36:51;;;;1;1009572
IVRCPCLWPLP;Job;Unix;__Inventory Receipts  __;2013-4-18 PM8:36:51;;;;1;1009573
IVRCPCURRSDPLP;Job;Unix;PLP_RETAILINVRECEIPTSCORPORATEORGSCDYWKCURRAGGREGATE  __Inventory Receipts  __Aggregation;2013-4-18 PM8:36:51;;;;1;1009574
IVRCPCURRSDRCPLP;Job;Unix;PLP_RETAILINVRECEIPTSCORPORATEORGSCDYWKCURRRECLASSAGGREGATE__Inventory Receipts  __Aggregation;2013-4-18 PM8:36:51;;;;1;1009575
IVRCPCURRSLDPLP;Job;Unix;PLP_RETAILINVRECEIPTSSCLCDYWKCURRAGGREGATE  __Inventory Receipts  __Aggregation;2013-4-18 PM8:36:51;;;;1;1009576
IVRCPCURRSLDRCPLP;Job;Unix;PLP_RETAILINVRECEIPTSSCLCDYWKCURRRECLASSAGGREGATE  __Inventory Receipts  __Aggregation;2013-4-18 PM8:36:51;;;;1;1009577
IVRCPCURRSLWPLP;Job;Unix;__Inventory Receipts  __;2013-4-18 PM8:36:51;;;;1;1009578
IVRCPCURRSLWRCPLP;Job;Unix;__Inventory Receipts  __;2013-4-18 PM8:36:51;;;;1;1009579
IVRCPCURRSWPLP;Job;Unix;__Inventory Receipts  __;2013-4-18 PM8:36:52;;;;1;1009661
IVRCPCURRSWRCPLP;Job;Unix;__Inventory Receipts  __;2013-4-18 PM8:36:51;;;;1;1009580
IVRCPDLDPLP;Job;Unix;__Inventory Receipts  __;2013-4-18 PM8:36:51;;;;1;1009581
IVRCPDLWPLP;Job;Unix;__Inventory Receipts  __;2013-4-18 PM8:36:51;;;;1;1009582
IVRCPIDPLP;Job;Unix;PLP_RETAILINVRECEIPTSCORPORATEORGITSCDYWKAGGREGATE  __Inventory Receipts  __Aggregation;2013-4-18 PM8:36:52;;;;1;1009665
IVRCPILDSDE.KSH;Job;Unix;ivrcpildsde.ksh;2013-4-18 PM8:36:55;;;;1;1009923
IVRCPILSIL;Job;Unix;MASTER_SIL_RETAILINVRECEIPTSFACT  __Inventory Receipts  __Base Fact Load;2013-4-18 PM8:36:47;;;;1;1009323
IVRCPILWPLP;Job;Unix;PLP_RETAILINVRECEIPTSITSCCLDPLCDYWKAGGREGATE  __Inventory Receipts  __Aggregation;2013-4-18 PM8:36:47;;;;1;1009325
IVRCPIWPLP;Job;Unix;__Inventory Receipts  __;2013-4-18 PM8:36:52;;;;1;1009666
IVRCPSDPLP;Job;Unix;__Inventory Receipts  __;2013-4-18 PM8:36:47;;;;1;1009326
IVRCPSLDPLP;Job;Unix;__Inventory Receipts  __;2013-4-18 PM8:36:47;;;;1;1009327
IVRCPSLWPLP;Job;Unix;__Inventory Receipts  __;2013-4-18 PM8:36:47;;;;1;1009328
IVRCPSWPLP;Job;Unix;__Inventory Receipts  __;2013-4-18 PM8:36:47;;;;1;1009329
MCAL13PERIODSIL;Job;Unix;SIL_RETAILTIMEDIMENSION_MCAL13PERIOD  __Calendar__Dimension Load;2013-4-18 PM8:36:50;;;;1;1009505
MCALCFGSIL.KSH;Job;Unix;mcalcfgsil.ksh;2013-4-18 PM8:36:54;;;;1;1009800
MCALDAYSIL;Job;Unix;SIL_TIMEDIMENSION_MCALDA Y  __Calendar__Dimension Load;2013-4-18 PM8:36:50;;;;1;1009506
MCALPERIODSDE;Job;Unix;__Calendar__;2013-4-18 PM8:36:51;;;;1;1009571
MCALPERIODSIL;Job;Unix;SIL_TIMEDIMENSION_MCALPERIOD  __Calendar__Dimension Load;2013-4-18 PM8:36:47;;;;1;1009330
MCALQTRSIL;Job;Unix;SIL_TIMEDIMENSION_MCALQUARTER  __Calendar__Dimension Load;2013-4-18 PM8:36:47;;;;1;1009331
MCALSIL.KSH;Job;Unix;mcalsil.ksh;2013-4-18 PM8:36:54;;;;1;1009798
MCALWK454SIL;Job;Unix;SIL_TIMEDIMENSION_MCALWEEK445  __Calendar__Dimension Load;2013-4-18 PM8:36:47;;;;1;1009332
MCALYRSIL;Job;Unix;SIL_TIMEDIMENSION_MCALYEAR  __Calendar__Dimension Load;2013-4-18 PM8:36:47;;;;1;1009333
NCSTILDSDE;Job;Unix;__Net Cost__;2013-4-18 PM8:36:47;;;;1;1009334
NCSTILDSIL;Job;Unix;MASTER_SIL_RETAILNETCOSTFACT  __Net Cost__Base Fact Load Compressed;2013-4-18 PM8:36:47;;;;1;1009335
NCSTUIDPLP;Job;Unix;PLP_RETAILNETCOSTCORPORATEORGITDYWKAGGREGATE  __Net Cost__Positional Fact Aggregate Compressed;2013-4-18 PM8:36:47;;;;1;1009336
NPRFTCLDPLP;Job;Unix;__Net Profit__;2013-4-18 PM8:36:47;;;;1;1009337
NPRFTCLWPLP;Job;Unix;__Net Profit__;2013-4-18 PM8:36:47;;;;1;1009338
NPRFTDLDPLP;Job;Unix;__Net Profit__;2013-4-18 PM8:36:47;;;;1;1009339
NPRFTDLWPLP;Job;Unix;__Net Profit__;2013-4-18 PM8:36:52;;;;1;1009671
NPRFTIDPLP;Job;Unix;PLP_RETAILNETPROFITCORPORATEORGITSCDYWKAGGREGATE  __Net Profit__Aggregation;2013-4-18 PM8:36:52;;;;1;1009660
NPRFTILDPLP;Job;Unix;PLP_RETAILNETPROFITFACT  __Net Profit__Aggregation;2013-4-18 PM8:36:47;;;;1;1009340
NPRFTILWPLP;Job;Unix;PLP_RETAILNETPROFITAGGREGATE  __Net Profit__Aggregation;2013-4-18 PM8:36:47;;;;1;1009341
NPRFTIWPLP;Job;Unix;__Net Profit__;2013-4-18 PM8:36:47;;;;1;1009342
NPRFTSDPLP;Job;Unix;__Net Profit__;2013-4-18 PM8:36:47;;;;1;1009343
NPRFTSLDPLP;Job;Unix;__Net Profit__;2013-4-18 PM8:36:47;;;;1;1009344
NPRFTSLWPLP;Job;Unix;__Net Profit__;2013-4-18 PM8:36:47;;;;1;1009345
NPRFTSWPLP;Job;Unix;__Net Profit__;2013-4-18 PM8:36:47;;;;1;1009346
ORGCHNSDE;Job;Unix;__Location Channel  __;2013-4-18 PM8:36:47;;;;1;1009347
ORGCHNSIL;Job;Unix;SIL_RETAILORGANIZATIONCHANNELDIMENSION  __Location Channel  __Dimension Extract;2013-4-18 PM8:36:47;;;;1;1009348
ORGDIMLKUPTMPPLP;Job;Unix;PLP_RETAILORGANIZATIONDIMENSIONLKUPTEMP  __Organization  __Dimension Extract;2013-4-18 PM8:36:47;;;;1;1009349
ORGDIMRECLASSPLP;Job;Unix;PLP_RETAILORGANIZATIONDIMENSIONRECLASSTEMP  __Organization  __Dimension Extract;2013-4-18 PM8:36:47;;;;1;1009350
ORGFINSDE;Job;Unix;SDE_RETAILORGANIZATIONFINANCEDIMENSION  __Organization  __Dimension Extract;2013-4-18 PM8:36:52;;;;1;1009642
ORGFINSIL;Job;Unix;SIL_RETAILORGANIZATIONFINANCEDIMENSION  __Organization  __Dimension Load;2013-4-18 PM8:36:50;;;;1;1009507
ORGHIERSDE;Job;Unix;SDE_RETAILORGANIZATIONDIMENSIONHIERARCHY__Organization__Dimension Extract;2013-4-18 PM8:36:50;;;;1;1009508
ORGHIERSIL;Job;Unix;SIL_INTERNALORGANIZATIONHIERARCHY  __Organization  __Dimension Load;2013-4-18 PM8:36:50;;;;1;1009509
ORGLOCSDE;Job;Unix;SDE_RETAILLOCATIONDIMENSION  __Organization__Dimension Extract;2013-4-18 PM8:36:50;;;;1;1009510
ORGLOCWKPLP;Job;Unix;PLP_RETAILLOCATIONWEEKDIMENSION  __Location Week  __Dimension Load;2013-4-18 PM8:36:50;;;;1;1009511
ORGLOLSDE;Job;Unix;SDE_RETAILLOCATIONLISTDIMENSION  __Location List__Dimension Extract;2013-4-18 PM8:36:50;;;;1;1009512
ORGLOLSIL;Job;Unix;SIL_RETAILLOCATIONLISTDIMENSION  __Location List__Dimension Load;2013-4-18 PM8:36:50;;;;1;1009513
ORGLTMSDE;Job;Unix;__Location Trait  __;2013-4-18 PM8:36:50;;;;1;1009514
ORGLTMSIL;Job;Unix;SIL_RETAILLOCATIONTRAITDIMENSION  __Location Trait  __Dimension Load;2013-4-18 PM8:36:50;;;;1;1009515
ORGPARTYSIL;Job;Unix;SIL_PARTYDIMENSION_ORGANIZATION  __Party Organization  __Dimension Load;2013-4-18 PM8:36:50;;;;1;1009516
ORGPLANSIL;Job;Unix;SIL_RETAILORIGINALPLANNINGFACT  __Planning__Base Fact Load;2013-4-18 PM8:36:50;;;;1;1009517
ORGSIL;Job;Unix;SIL_INTERNALORGANIZATIONDIMENSION  __Organization  __Dimension Load;2013-4-18 PM8:36:50;;;;1;1009518
PARTYORGSIL;Job;Unix;SIL_PARTYORGANIZATIONDIMENSION  __Party Organization  __Dimension Load;2013-4-18 PM8:36:52;;;;1;1009626
PHASESDE;Job;Unix;__Season__;2013-4-18 PM8:36:52;;;;1;1009627
PHASESIL;Job;Unix;SIL_RETAILSEASONPHASEDIMENSION  __Season__Dimension Load;2013-4-18 PM8:36:52;;;;1;1009628
PRCIDPLP;Job;Unix;PLP_RETAILPRICECORPORATEORGITDYAGGREGATE  __Price__Fact Aggregation Decompressed;2013-4-18 PM8:36:52;;;;1;1009629
PRCILDSDE;Job;Unix;MASTER_SDE_RETAILPRICEFACT  __Price__Base Fact Extract;2013-4-18 PM8:36:52;;;;1;1009630
PRCILSIL;Job;Unix;MASTER_SIL_RETAILPRICEFACT  __Price__Base Fact Load Compressed;2013-4-18 PM8:36:52;;;;1;1009631
PRDDIFFSDE;Job;Unix;__Product__;2013-4-18 PM8:36:52;;;;1;1009632
PRDDIMLKUPTMPPLP;Job;Unix;PLP_RETAILPRODUCTDIMENSIONLKUPTEMP  __Product__Dimension Load;2013-4-18 PM8:36:52;;;;1;1009633
PRDHIERLKUPSIL;Job;Unix;SIL_RETAILPRODUCTHIERARCHYLKPDIMENSION  __Product__Dimension Load;2013-4-18 PM8:36:52;;;;1;1009668
PRDHIERSDE;Job;Unix;__Product__;2013-4-18 PM8:36:52;;;;1;1009634
PRDHIERSIL;Job;Unix;SIL_PRODUCTHIERARCHYDIMENSION  __Product__Dimension Load;2013-4-18 PM8:36:52;;;;1;1009635
PRDITMLMSDE.KSH;Job;Unix;prditmlmsde.ksh;2013-4-18 PM8:36:54;;;;1;1009799
PRDITMLSDE;Job;Unix;__ItemList__;2013-4-18 PM8:36:52;;;;1;1009636
PRDITMLSIL.KSH;Job;Unix;prditmlsil.ksh;2013-4-18 PM8:36:54;;;;1;1009801
PRDITMSDE;Job;Unix;__Product__;2013-4-18 PM8:36:52;;;;1;1009637
PRDITMSIL;Job;Unix;SIL_ITEMDIMENSION  __Product__Dimension Load;2013-4-18 PM8:36:52;;;;1;1009638
PRDITMSMSDE;Job;Unix;SDE_RETAILITEMSEASONDIMENSION  __Item Season__Dimension Extract;2013-4-18 PM8:36:54;;;;1;1009793
PRDITMSMSIL;Job;Unix;SIL_RETAILITEMSEASONDIMENSION  __Item Season__Dimension Load;2013-4-18 PM8:36:52;;;;1;1009639
PRDITMSUPSDE;Job;Unix;SDE_RETAILITEMSUPPLIERDIMENSION  __Item Supplier  __Dimension Extract;2013-4-18 PM8:36:52;;;;1;1009640
PRDITMSUPSIL;Job;Unix;SIL_RETAILITEMSUPPLIERDIMENSION  __Item Supplier  __Dimension Load;2013-4-18 PM8:36:52;;;;1;1009641
PRDITMUDSDE;Job;Unix;__Item UDA__;2013-4-18 PM8:36:51;;;;1;1009551
PRDITMUDSIL;Job;Unix;SIL_RETAILITEMUDADIMENSION  __Item UDA__Dimension Load;2013-4-18 PM8:36:54;;;;1;1009797
PRDPIMSDE;Job;Unix;__Item Pack__;2013-4-18 PM8:36:51;;;;1;1009552
PRDPIMSIL;Job;Unix;SIL_RETAILITEMPACKDIMENSION  __Item Pack__Dimension Load;2013-4-18 PM8:36:52;;;;1;1009669
PRDRCSTMPSDE;Job;Unix;__Product__;2013-4-18 PM8:36:51;;;;1;1009553
PRODDIFFSIL;Job;Unix;SIL_RETAILITEMDIFFDIMENSION  __Differentiators  __Dimension Extract;2013-4-18 PM8:36:51;;;;1;1009554
PRODDIMRECLASSFINALTMPPLP;Job;Unix;PLP_RETAILPRODUCTRECLASSFINALTEMP  __Product__Dimension Load;2013-4-18 PM8:36:51;;;;1;1009555
PRODDIMRECLASSINITIALTMPPLP;Job;Unix;PLP_RETAILPRODUCTRECLASSINITIALTEMP  __Product__Dimension Load;2013-4-18 PM8:36:51;;;;1;1009556
PROMOSDE;Job;Unix;__Promotion__;2013-4-18 PM8:36:51;;;;1;1009557
PROMOSIL;Job;Unix;SIL_RETAILPROMOTIONDIMENSION  __Promotion__Dimension Load;2013-4-18 PM8:36:51;;;;1;1009558
REFRESHODIVARIABLES;Job;Unix;__ _ __;2013-4-18 PM8:36:51;;;;1;1009559
RMS_SDE_DIM_LOAD_DEPENDANCY;Job;Unix;Rms SDE Dim Load Dependancy Checks;2013-4-18 PM8:36:51;;;;1;1009560
RMS_SDE_FACT_LOAD_DEPENDANCY;Job;Unix;Rms SDE Fact Load Dependancy;2013-4-18 PM8:36:51;;;;1;1009561
SCMPLILDSDE;Job;Unix;MASTER_SIL_RETAILSUPPLIERCOMPLIANCEFACT  __Supplier Compliance  __Base Fact Load;2013-4-18 PM8:36:51;;;;1;1009562
SCMPLILDSIL;Job;Unix;MASTER_SIL_RETAILSUPPLIERCOMPLIANCEUFFACT__Supplier Compliance  __Base Fact Load;2013-4-18 PM8:36:54;;;;1;1009790
SCMPLUFILDSDE;Job;Unix;__Supplier Compliance  __;2013-4-18 PM8:36:51;;;;1;1009563
SCMPLUFILDSIL;Job;Unix;__Supplier Compliance  __;2013-4-18 PM8:36:51;;;;1;1009564
SCRTILWPLP;Job;Unix;PLP_RETAILSUPPLIERCOMPLIANCEITLCWKAGGREGATE  __Supplier Compliance  __Aggregation;2013-4-18 PM8:36:51;;;;1;1009565
SCRTUILWPLP;Job;Unix;PLP_RETAILSUPPLIERCOMPLIANCEUFLCWKAGGREGATE  __Supplier Compliance  __Aggregation;2013-4-18 PM8:36:51;;;;1;1009566
SDE_RETAILLOADCONTROLSEEDDATA.KSH;Job;Unix;SDE_RetailLoadControlSeedData.ksh;2013-4-18 PM8:36:57;;;;1;1010013
SEASNSDE;Job;Unix;SDE_RETAILSEASONDIMENSION  __Season__Dimension Extract;2013-4-18 PM8:36:51;;;;1;1009567
SEASNSIL.KSH;Job;Unix;seasnsil.ksh;2013-4-18 PM8:36:55;;;;1;1009924
SIL_RETAILLOADCONTROLSEEDDATA.KSH;Job;Unix;SIL_RetailLoadControlSeedData.ksh;2013-4-18 PM8:36:57;;;;1;1010012
SINVCSTILSDSDE;Job;Unix;__Supplier Invoice Match  __;2013-4-18 PM8:36:51;;;;1;1009568
SINVCSTILSDSIL;Job;Unix;MASTER_SIL_RETAILSUPPLIERINVOICEMATCHFACT  __Supplier Invoice Match  __Base Fact Load;2013-4-18 PM8:36:51;;;;1;1009569
SLSCLDCURRPLP;Job;Unix;__Sales__;2013-4-18 PM8:36:51;;;;1;1009570
SLSCLDCURRRCPLP;Job;Unix;__Sales__;2013-4-18 PM8:36:53;;;;1;1009719
SLSCLDPLP;Job;Unix;__Sales__;2013-4-18 PM8:36:53;;;;1;1009720
SLSCLWCURRPLP;Job;Unix;__Sales__;2013-4-18 PM8:36:53;;;;1;1009721
SLSCLWCURRRCPLP;Job;Unix;__Sales__;2013-4-18 PM8:36:53;;;;1;1009722
SLSCLWPLP;Job;Unix;__Sales__;2013-4-18 PM8:36:51;;;;1;1009583
SLSCURRCDPLP;Job;Unix;__Sales__;2013-4-18 PM8:36:51;;;;1;1009584
SLSCURRCWPLP;Job;Unix;__Sales__;2013-4-18 PM8:36:51;;;;1;1009585
SLSCURRDDPLP;Job;Unix;__Sales__;2013-4-18 PM8:36:51;;;;1;1009586
SLSCURRDWPLP;Job;Unix;__Sales__;2013-4-18 PM8:36:51;;;;1;1009587
SLSCURRRCCDPLP;Job;Unix;__Sales__;2013-4-18 PM8:36:51;;;;1;1009588
SLSCURRRCCWPLP;Job;Unix;__Sales__;2013-4-18 PM8:36:51;;;;1;1009589
SLSCURRRCDDPLP;Job;Unix;__Sales__;2013-4-18 PM8:36:51;;;;1;1009590
SLSCURRRCDWPLP;Job;Unix;__Sales__;2013-4-18 PM8:36:51;;;;1;1009591
SLSCURRRCSDPLP;Job;Unix;PLP_RETAILSALESCORPORATEORGSCDYWKCURRRECLASSAGGREGATE__Sales__Aggregation;2013-4-18 PM8:36:51;;;;1;1009592
SLSCURRRCSWPLP;Job;Unix;__Sales__;2013-4-18 PM8:36:51;;;;1;1009593
SLSCURRSDPLP;Job;Unix;PLP_RETAILSALESCORPORATEORGSCDYWKCURRAGGREGATE  __Sales__Aggregation;2013-4-18 PM8:36:51;;;;1;1009594
SLSCURRSWPLP;Job;Unix;__Sales__;2013-4-18 PM8:36:51;;;;1;1009595
SLSDLDCURRPLP;Job;Unix;__Sales__;2013-4-18 PM8:36:51;;;;1;1009596
SLSDLDCURRRCPLP;Job;Unix;__Sales__;2013-4-18 PM8:36:51;;;;1;1009597
SLSDLDPLP;Job;Unix;__Sales__;2013-4-18 PM8:36:51;;;;1;1009598
SLSDLWCURRPLP;Job;Unix;__Sales__;2013-4-18 PM8:36:51;;;;1;1009599
SLSDLWCURRRCPLP;Job;Unix;__Sales__;2013-4-18 PM8:36:51;;;;1;1009600
SLSDLWPLP;Job;Unix;__Sales__;2013-4-18 PM8:36:51;;;;1;1009601
SLSFCCURRSDPLP;Job;Unix;PLP_RETAILSALESFCCORPORATEORGSCDYWKCURRAGGREGATE  __Sales Forecast  __Aggregation;2013-4-18 PM8:36:51;;;;1;1009602
SLSFCCURRSDRCPLP;Job;Unix;PLP_RETAILSALESFCCORPORATEORGSCDYWKCURRRECLASSAGGREGATE__Sales Forecast  __Aggregation;2013-4-18 PM8:36:51;;;;1;1009603
SLSFCCURRSWPLP;Job;Unix;__Sales Forecast  __;2013-4-18 PM8:36:51;;;;1;1009604
SLSFCCURRSWRCPLP;Job;Unix;__Sales Forecast  __;2013-4-18 PM8:36:51;;;;1;1009605
SLSFCIDPLP;Job;Unix;PLP_RETAILSALESFCCORPORATEORGITSCDYWKAGGREGATE  __Sales Forecast  __Aggregation;2013-4-18 PM8:36:51;;;;1;1009606
SLSFCIDSNPLP;Job;Unix;PLP_RETAILSALESFCSNAGGREGATE  __Sales Forecast  __Aggregation;2013-4-18 PM8:36:51;;;;1;1009607
SLSFCILDSDE;Job;Unix;__Sales Forecast  __;2013-4-18 PM8:36:51;;;;1;1009608
SLSFCILDSNPLP;Job;Unix;__Sales Forecast  __;2013-4-18 PM8:36:51;;;;1;1009609
SLSFCILWSDE;Job;Unix;__Sales Forecast  __;2013-4-18 PM8:36:54;;;;1;1009789
SLSFCILWSNPLP;Job;Unix;__Sales Forecast  __;2013-4-18 PM8:36:51;;;;1;1009610
SLSFCIWPLP;Job;Unix;__Sales Forecast  __;2013-4-18 PM8:36:51;;;;1;1009613
SLSFCIWSNPLP;Job;Unix;__Sales Forecast  __;2013-4-18 PM8:36:51;;;;1;1009614
SLSFCRCSLDCURRPLP;Job;Unix;PLP_RETAILSALESFCSCLCDYWKCURRRECLASSAGGREGATE  __Sales Forecast  __Aggregation;2013-4-18 PM8:36:51;;;;1;1009615
SLSFCRCSLWCURRPLP;Job;Unix;__Sales Forecast  __;2013-4-18 PM8:36:54;;;;1;1009794
SLSFCSDPLP;Job;Unix;__Sales Forecast  __;2013-4-18 PM8:36:52;;;;1;1009667
SLSFCSLDCURRPLP;Job;Unix;PLP_RETAILSALESFCSCLCDYWKCURRAGGREGATE  __Sales Forecast  __Aggregation;2013-4-18 PM8:36:50;;;;1;1009519
SLSFCSLDPLP;Job;Unix;PLP_RETAILSALESFCSCLCDYWKAGGREGATE  __Sales Forecast  __Aggregation;2013-4-18 PM8:36:50;;;;1;1009520
SLSFCSLWCURRPLP;Job;Unix;__Sales Forecast  __;2013-4-18 PM8:36:50;;;;1;1009521
SLSFCSLWPLP;Job;Unix;__Sales Forecast  __;2013-4-18 PM8:36:50;;;;1;1009522
SLSFCSWPLP;Job;Unix;__Sales Forecast  __;2013-4-18 PM8:36:50;;;;1;1009523
SLSIDSNPLP;Job;Unix;__Sales Forecast  __;2013-4-18 PM8:36:50;;;;1;1009524
SLSILDFCSIL;Job;Unix;MASTER_SIL_RETAILSALESFCDYFACT  __Sales Forecast  __Base Fact Load;2013-4-18 PM8:36:52;;;;1;1009670
SLSILDSNPLP;Job;Unix;PLP_RETAILSALESSNAGGREGATE  __Sales__Aggregation;2013-4-18 PM8:36:50;;;;1;1009525
SLSILDTMPPLP;Job;Unix;PLP_RETAILSALESITLCDYTEMPLOAD  __Sales__Aggregation;2013-4-18 PM8:36:54;;;;1;1009792
SLSILSIL;Job;Unix;MASTER_SIL_RETAIL_SALESTRANSACTIONFACT  __Sales__Base Fact Load;2013-4-18 PM8:36:50;;;;1;1009526
SLSILTDPLP;Job;Unix;PLP_RETAILSALESCORPORATEORGAGGREGATE  __Sales__Aggregation;2013-4-18 PM8:36:54;;;;1;1009791
SLSILTSDE;Job;Unix;__Sales__;2013-4-18 PM8:36:50;;;;1;1009527
SLSILTWPLP;Job;Unix;__Sales__;2013-4-18 PM8:36:50;;;;1;1009528
SLSILWFCSIL;Job;Unix;MASTER_SIL_RETAILSALESFCWKFACT  __Sales Forecast  __Base Fact Load;2013-4-18 PM8:36:50;;;;1;1009529
SLSILWSNPLP;Job;Unix;__Sales__;2013-4-18 PM8:36:50;;;;1;1009530
SLSIWSNPLP;Job;Unix;__Sales__;2013-4-18 PM8:36:50;;;;1;1009531
SLSLDPLP;Job;Unix;PLP_RETAILSALESPRODCORPORATEAGGREGATE  __Sales__Aggregation;2013-4-18 PM8:36:50;;;;1;1009532
SLSLWPLP;Job;Unix;__Sales__;2013-4-18 PM8:36:50;;;;1;1009533
SLSMKDNCLDCURRPLP;Job;Unix;__Markdowns__;2013-4-18 PM8:36:50;;;;1;1009534
SLSMKDNCLDCURRRCPLP.KSH;Job;Unix;slsmkdncldcurrrcplp.ksh;2013-4-18 PM8:36:53;;;;1;1009734
SLSMKDNCLDPLP;Job;Unix;__Markdowns__;2013-4-18 PM8:36:52;;;;1;1009673
SLSMKDNCLWCURRPLP;Job;Unix;__Markdowns__;2013-4-18 PM8:36:50;;;;1;1009535
SLSMKDNCLWCURRRCPLP.KSH;Job;Unix;slsmkdnclwcurrrcplp.ksh;2013-4-18 PM8:36:53;;;;1;1009737
SLSMKDNCLWPLP;Job;Unix;__Markdowns__;2013-4-18 PM8:36:51;;;;1;1009536
SLSMKDNDLDCURRPLP;Job;Unix;__Markdowns__;2013-4-18 PM8:36:51;;;;1;1009537
SLSMKDNDLDCURRRCPLP.KSH;Job;Unix;slsmkdndldcurrrcplp.ksh;2013-4-18 PM8:36:53;;;;1;1009735
SLSMKDNDLDPLP;Job;Unix;__Markdowns__;2013-4-18 PM8:36:51;;;;1;1009538
SLSMKDNDLWCURRPLP;Job;Unix;__Markdowns__;2013-4-18 PM8:36:51;;;;1;1009539
SLSMKDNDLWCURRRCPLP.KSH;Job;Unix;slsmkdndlwcurrrcplp.ksh;2013-4-18 PM8:36:53;;;;1;1009738
SLSMKDNDLWPLP;Job;Unix;__Markdowns__;2013-4-18 PM8:36:51;;;;1;1009540
SLSMKDNIDPLP;Job;Unix;PLP_RETAILSALESMARKDOWNCORPORATEORGAGGREGATE  __Markdowns__Aggregation;2013-4-18 PM8:36:51;;;;1;1009541
SLSMKDNIDSNPLP;Job;Unix;__Markdowns__;2013-4-18 PM8:36:51;;;;1;1009542
SLSMKDNILDSDE;Job;Unix;MASTER_SDE_RETAIL_SALESMARKDOWNFACT  __Markdowns__Base Fact Extract;2013-4-18 PM8:36:51;;;;1;1009543
SLSMKDNILDSIL;Job;Unix;MASTER_SIL_RETAIL_SALESMARKDOWNFACT  __Markdowns__Base Fact Load;2013-4-18 PM8:36:51;;;;1;1009544
SLSMKDNILDSNPLP;Job;Unix;PLP_RETAILSALESMARKDOWNSNAGGREGATE  __Markdowns__Aggregation;2013-4-18 PM8:36:51;;;;1;1009545
SLSMKDNILWPLP;Job;Unix;PLP_RETAILSALESMARKDOWNSCLCDYWKAGGREGATE  __Markdowns__Aggregation;2013-4-18 PM8:36:51;;;;1;1009546
SLSMKDNILWSNPLP;Job;Unix;__Markdowns__;2013-4-18 PM8:36:51;;;;1;1009547
SLSMKDNIWPLP;Job;Unix;__Markdowns__;2013-4-18 PM8:36:51;;;;1;1009548
SLSMKDNIWSNPLP;Job;Unix;__Markdowns__;2013-4-18 PM8:36:51;;;;1;1009549
SLSMKDNSDCURRPLP;Job;Unix;PLP_RETAILSALESMKDNCORPORATEORGSCDYWKCURRAGGREGATE  __Markdowns__Aggregation;2013-4-18 PM8:36:52;;;;1;1009662
SLSMKDNSDPLP;Job;Unix;__Markdowns__;2013-4-18 PM8:36:51;;;;1;1009550
SLSMKDNSDRCCURRPLP.KSH;Job;Unix;slsmkdnsdrccurrplp.ksh;2013-4-18 PM8:36:53;;;;1;1009739
SLSMKDNSLDCURRPLP;Job;Unix;PLP_RETAILSALESMKDNSCCLDPLCDYWKCURRAGGREGATE  __Markdowns__Aggregation;2013-4-18 PM8:36:51;;;;1;1009611
SLSMKDNSLDCURRRCPLP;Job;Unix;PLP_RETAILSALESMKDNSCCLDPLCDYWKCURRRECLASSAGGREGATE  __Markdowns__Aggregation;2013-4-18 PM8:36:51;;;;1;1009612
SLSMKDNSLDPLP;Job;Unix;__Markdowns__;2013-4-18 PM8:36:47;;;;1;1009351
SLSMKDNSLWCURRPLP;Job;Unix;__Markdowns__;2013-4-18 PM8:36:47;;;;1;1009352
SLSMKDNSLWCURRRCPLP.KSH;Job;Unix;slsmkdnslwcurrrcplp.ksh;2013-4-18 PM8:36:53;;;;1;1009736
SLSMKDNSLWPLP;Job;Unix;__Markdowns__;2013-4-18 PM8:36:47;;;;1;1009353
SLSMKDNSWCURRPLP;Job;Unix;__Markdowns__;2013-4-18 PM8:36:47;;;;1;1009354
SLSMKDNSWPLP;Job;Unix;__Markdowns__;2013-4-18 PM8:36:47;;;;1;1009355
SLSMKDNSWRCCURRPLP.KSH;Job;Unix;slsmkdnswrccurrplp.ksh;2013-4-18 PM8:36:53;;;;1;1009740
SLSPKIDPLP;Job;Unix;PLP_RETAILSALESPACKCORPORATEORGAGGREGATE  __Sales Pack__Aggregation;2013-4-18 PM8:36:47;;;;1;1009356
SLSPKIDSNPLP;Job;Unix;__Sales Pack__;2013-4-18 PM8:36:47;;;;1;1009357
SLSPKILDSIL;Job;Unix;MASTER_SIL_RETAILSALESPACKFACT  __Sales Pack__Base Fact Load;2013-4-18 PM8:36:47;;;;1;1009358
SLSPKILDSNPLP;Job;Unix;PLP_RETAILSALESPACKSEASONAGGREGATE  __Sales Pack__Aggregation;2013-4-18 PM8:36:47;;;;1;1009359
SLSPKILWPLP;Job;Unix;PLP_RETAILSALESPACKITLCWKAGGREGATE  __Sales Pack__Aggregation;2013-4-18 PM8:36:48;;;;1;1009360
SLSPKILWSNPLP;Job;Unix;__Sales Pack__;2013-4-18 PM8:36:48;;;;1;1009361
SLSPKIWPLP;Job;Unix;__Sales Pack__;2013-4-18 PM8:36:52;;;;1;1009659
SLSPKIWSNPLP;Job;Unix;__Sales Pack__;2013-4-18 PM8:36:48;;;;1;1009362
SLSPRILDSIL;Job;Unix;MASTER_SIL_RETAILSALESPROMOTIONFACT  __Sales Promotions  __Base Fact Load;2013-4-18 PM8:36:48;;;;1;1009363
SLSSDPLP;Job;Unix;__Sales__;2013-4-18 PM8:36:48;;;;1;1009364
SLSSLDCURRPLP;Job;Unix;PLP_RETAILSALESSCCLDPLCDYWKCURRAGGREGATE  __Sales__Aggregation;2013-4-18 PM8:36:53;;;;1;1009742
SLSSLDCURRRCPLP;Job;Unix;PLP_RETAILSALESSCCLDPLCDYWKCURRRECLASSAGGREGATE  __Sales__Aggregation;2013-4-18 PM8:36:48;;;;1;1009365
SLSSLDPLP;Job;Unix;PLP_RETAILSALESITSCLCDYAGGREGATE  __Sales__Aggregation;2013-4-18 PM8:36:48;;;;1;1009366
SLSSLWCURRPLP;Job;Unix;__Sales__;2013-4-18 PM8:36:48;;;;1;1009367
SLSSLWCURRRCPLP;Job;Unix;__Sales__;2013-4-18 PM8:36:48;;;;1;1009368
SLSSLWPLP;Job;Unix;PLP_RETAILSALESCLDPLOCDYWKAGGREGATE  __Sales__Aggregation;2013-4-18 PM8:36:48;;;;1;1009369
SLSSWPLP;Job;Unix;__Stock Ledger  __;2013-4-18 PM8:36:48;;;;1;1009370
STLBLMTH454SIL;Job;Unix;__Stock Ledger  __;2013-4-18 PM8:36:48;;;;1;1009371
STLBLMTHGREGSIL;Job;Unix;__Stock Ledger  __;2013-4-18 PM8:36:48;;;;1;1009372
STLBLMTHSDE;Job;Unix;MASTER_SDE_RETAILSTOCKLEDGERMONTHFACT  __Stock Ledger  __Base Fact Extract;2013-4-18 PM8:36:48;;;;1;1009373
STLBLWSDE;Job;Unix;MASTER_SIL_RETAILSTOCKLEDGERWEEKFACT  __Stock Ledger  __Base Fact Load;2013-4-18 PM8:36:48;;;;1;1009374
STLBLWSIL;Job;Unix;__Stock Ledger  __;2013-4-18 PM8:36:48;;;;1;1009375
SUPSDE;Job;Unix;__Supplier__;2013-4-18 PM8:36:48;;;;1;1009376
SUPTRSDE;Job;Unix;SIL_RETAILSUPPLIERTRAITDIMENSION  __Supplier Trait  __Dimension Load;2013-4-18 PM8:36:48;;;;1;1009377
SUPTRSIL;Job;Unix;__Supplier Trait  __;2013-4-18 PM8:36:48;;;;1;1009378
TIMEDAYSIL;Job;Unix;SIL_TIMEOFDA YDIMENSIO  N  __Time__Dimension Load;2013-4-18 PM8:36:48;;;;1;1009379
TIMEMINUTEDAYSIL;Job;Unix;SIL_MINUTEOFDAYDIMENSION  __Time__Dimension Load;2013-4-18 PM8:36:48;;;;1;1009380
TTLTYPSDE;Job;Unix;SIL_RETAILTRANSACTIONTYPEDIMENSION  __Retail Type__Dimension Extract;2013-4-18 PM8:36:48;;;;1;1009381
TTLTYPSIL;Job;Unix;__Retail Type__;2013-4-18 PM8:36:54;;;;1;1009795
WFSLSIDPLP;Job;Unix;PLP_RETAILWHOLESALEFRANCHISECORPORATEORGITDYWKAGGREGATE__Wholesale Franchise  __Aggregation;2013-4-18 PM8:36:51;;;;1;1009616
WFSLSILDSDE;Job;Unix;__Wholesale Franchise  __;2013-4-18 PM8:36:51;;;;1;1009617
WFSLSILDSIL;Job;Unix;MASTER_SIL_RETAILWHOLESALEFRANCHISEFACT  __Wholesale Franchise  __Base Fact Extract;2013-4-18 PM8:36:52;;;;1;1009618
WFSLSILWPLP;Job;Unix;PLP_RETAILWHOLESALEFRANCHISEITLCWKAGGREGATE  __Wholesale Franchise  __Aggregation;2013-4-18 PM8:36:52;;;;1;1009619
WFSLSIWPLP;Job;Unix;__Wholesale Franchise  __;2013-4-18 PM8:36:52;;;;1;1009620
WFSLSSLDCURRPLP;Job;Unix;PLP_RETAILWHOLESALEFRANCHISESCLCDYWKCURRAGGREGATE  __Wholesale Franchise  __Aggregation;2013-4-18 PM8:36:52;;;;1;1009658
WFSLSSLDCURRRCPLP;Job;Unix;PLP_RETAILWHOLESALEFRANCHISESCLCDYWKCURRRECLASSAGGREGATE__Wholesale Franchise  __Aggregation;2013-4-18 PM8:36:52;;;;1;1009621
WFSLSSLDPLP;Job;Unix;PLP_RETAILWHOLESALEFRANCHISESCLCDYWKAGGREGATE  __Wholesale Franchise  __Aggregation;2013-4-18 PM8:36:52;;;;1;1009622
WFSLSSLWCURRPLP;Job;Unix;__Wholesale Franchise  __;2013-4-18 PM8:36:52;;;;1;1009623
WFSLSSLWCURRRCPLP;Job;Unix;__Wholesale Franchise  __;2013-4-18 PM8:36:52;;;;1;1009624
WFSLSSLWPLP;Job;Unix;__Wholesale Franchise  __;2013-4-18 PM8:36:52;;;;1;1009625

Objects: 277; /;Selected: 277;
